name,email,birthday,lastloginat
John Doe,john.doe@example.com,1993-01-06,2026-01-24 20:00:00
Jane Smith,jane.smith@example.com,1993-01-06,2026-01-24 20:00:00
Bob Johnson,bob.johnson@example.com,1993-01-06,2026-01-24 20:00:00
Alice Brown,alice.brown@example.com,1993-01-06,2026-01-24 20:00:00
Charlie Wilson,charlie.wilson@example.com,1993-01-06,2026-01-24 20:00:00
Diana Lee,diana.lee@example.com,1993-01-06,2026-01-24 20:00:00
Eve Davis,eve.davis@example.com,1993-01-06,2026-01-24 20:00:00
Frank Miller,frank.miller@example.com,1993-01-06,2026-01-24 20:00:00
Grace Taylor,grace.taylor@example.com,1993-01-06,2026-01-24 20:00:00
Henry Anderson,henry.anderson@example.com,1993-01-06,2026-01-24 20:00:00
